﻿<?xml version="1.0" encoding="utf-8"?>
<history>
	<change version="36" date="2022-11-21">
	- Поддержка изменений на сайте
	- Добавлены дополнительные счетчики
	</change>
	<change version="35" date="2021-12-11">
	- Поддержка изменений на сайте
	- Добавлены дополнительные счетчики
	- Исправлено получение данных в некоторых случаях
	</change>
	<change version="34" date="2021-06-25">
	Восстановлены после переименования переменные
	</change>
	<change version="33" date="2020-10-11">
	Восстановлены баланс и число абонентов
	</change>
	<change version="32" date="2020-09-29">
	Добавлены Должность и Метки
	</change>
	<change version="31" date="2020-09-28">
	- Поддержка изменений на сайте.
	</change>
	<change version="30" date="2019-11-22">
	- Поддержка изменений на сайте.
	</change>
	<change version="29" date="2019-06-15">
	Исправление для нескольких ЛС в одном ЛК
	</change>
	<change version="28" date="2019-03-29">
	Поддержка изменений в процедуре входа
	</change>
	<change version="27" date="2019-01-18">
	Улучшено распознавание трафика
	</change>
	<change version="26" date="2018-10-09">
	Поддержка одиноких номеров
	</change>
	<change version="25" date="2018-10-05">
	Добавлено отображение условного баланса
	</change>
	<change version="24" date="2018-10-04">
	- Поддержка изменений на сайте.
	</change>
	<change version="23" date="2018-09-14">
	- Улучшена обработка ошибок.
	</change>
	<change version="22" date="2018-05-29">
	Поддержка особенностей кабинетов в кавказском и других филиалах
	</change>
	<change version="21" date="2018-05-23">
	Исправление проблем со входом в центральном регионе.
	</change>
	<change version="20" date="2018-05-23">
	- Улучшена обработка ошибок.
	</change>
	<change version="19" date="2018-05-23">
	- Поддержка изменений в процедуре входа
	</change>
	<change version="18" date="2018-04-11">
	- Улучшена обработка ошибок.
	</change>
	<change version="17" date="2018-04-10">
	Получение л/с из номера телефона - поэтому убрана настройка л/с
	</change>
	<change version="16" date="2018-04-10">
	- Улучшена обработка ошибок.
	</change>
	<change version="15" date="2018-03-30">
	- Поддержка получения данных из кабинетов с несколькими лицевыми счетами
	</change>
	<change version="14" date="2018-03-30">
	- Поддержка изменений на сайте.
	</change>
	<change version="13" date="2018-02-09">
	Добавлено распознавание трафика и смс внутри сети
	</change>
	<change version="12" date="2017-07-15">
	Мелкие исправления
	</change>
	<change version="11" date="2017-07-11">
	Восстановлено получение данных для всех регионов
	</change>
	<change version="10" date="2017-02-03">
	Восстановлено получение данных для всех регионов
	Улучшена обработка ошибок
	</change>
	<change version="9" date="2017-01-30">
	- Поддержка изменений на сайте.
	</change>
	<change version="8" date="2016-03-24">
	- Исправлен счётчик "баланс": добавлено отображение копеек.
	</change>
	<change version="7" date="2016-01-19">
 	- Неоплаченные счета.
	</change>
	<change version="6" date="2016-01-14">
	- Поддержка изменений на сайте.
	- Добавлен персональный баланс.
	</change>
	<change version="5" date="2015-12-21">
	- Добавлено отображение минут и смс
	</change>
	<change version="4" date="2015-06-17">
	- Исправлен выбор региона в настройках.
	</change>
	<change version="3" date="2015-06-17">
	- Добавлено отображение данных по номеру телефона.
	- Новые счетчики: Расходы с начала периода, Трафик, Абонентская плата, Разовые начисления, Номер телефона, Название.
	</change>
	<change version="2" date="2015-04-01">
	- Добавлена поддержка Северо-Западного федерального округа.
	- Изменен формат ввода логина (теперь необходимо вводить с префиксом).
	</change>
</history>